{
  "task_mode": "multiclass",
  "model_type": "RandomForestClassifier",
  "model_params": {
    "n_estimators": 200,
    "max_depth": 15,
    "min_samples_leaf": 2,
    "max_features": "sqrt",
    "class_weight": "balanced",
    "random_state": 42,
    "n_jobs": 1
  },
  "class_weights": {
    "0": 0.2779266670637048,
    "1": 1.6542597187758479,
    "2": 1.3883379611265372,
    "3": 2.7381185214159984,
    "4": 2.087994034302759,
    "5": 4.291845493562231
  },
  "labels": {
    "0": "Normal",
    "1": "Fiber_Cut",
    "2": "High_Loss",
    "3": "RTU_Down",
    "4": "Degraded",
    "5": "Broken"
  },
  "validation_metrics": {
    "accuracy": 0.999,
    "precision_macro": 0.998207708945054,
    "recall_macro": 0.9958547123811567,
    "f1_macro": 0.9970059618650328,
    "precision_weighted": 0.9990069559899049,
    "recall_weighted": 0.999,
    "f1_weighted": 0.99899640667767
  },
  "test_metrics": {
    "accuracy": 0.9988333333333334,
    "precision_macro": 0.9979353968661702,
    "recall_macro": 0.9951393541215737,
    "f1_macro": 0.9965017094552721,
    "precision_weighted": 0.9988433045780176,
    "recall_weighted": 0.9988333333333334,
    "f1_weighted": 0.9988283368033071
  }
}