{
  "accuracy": {
    "mean": 0.6575980392156863,
    "std": 0.0017187367838784437
  },
  "precision_macro": {
    "mean": 0.7730832441197686,
    "std": 0.00796295744515763
  },
  "recall_macro": {
    "mean": 0.575070786916224,
    "std": 0.001696747800039235
  },
  "f1_macro": {
    "mean": 0.5248141624012778,
    "std": 0.0021007276548575663
  },
  "precision_weighted": {
    "mean": 0.7462490766192656,
    "std": 0.00653813628691387
  },
  "recall_weighted": {
    "mean": 0.6575980392156863,
    "std": 0.0017187367838784437
  },
  "f1_weighted": {
    "mean": 0.5748898113324817,
    "std": 0.0019121594635575082
  }
}