accuracy,precision_macro,recall_macro,f1_macro,precision_weighted,recall_weighted,f1_weighted,fold,train_size,val_size
0.6554411764705882,0.7622015589119959,0.5730322629168023,0.5225201550924448,0.7373348279089765,0.6554411764705882,0.5727425020962386,1,68000,34000
0.6596470588235294,0.7810350093009747,0.5771862900268422,0.5275960155503239,0.7528329277099647,0.6596470588235294,0.5773869574342685,2,68000,34000
0.6577058823529411,0.7760131641463348,0.5749938078050278,0.5243263165610648,0.7485794742388554,0.6577058823529411,0.5745399744669378,3,68000,34000
