{
  "accuracy": {
    "mean": 0.9950196078431373,
    "std": 0.00030407965527981865
  },
  "precision_macro": {
    "mean": 0.9815911927501072,
    "std": 0.0008538432343705812
  },
  "recall_macro": {
    "mean": 0.9906494700576479,
    "std": 0.0009152401220435479
  },
  "f1_macro": {
    "mean": 0.9856473456047891,
    "std": 0.000877572120239565
  },
  "precision_weighted": {
    "mean": 0.9954405905803098,
    "std": 0.00029680879963037984
  },
  "recall_weighted": {
    "mean": 0.9950196078431373,
    "std": 0.00030407965527981865
  },
  "f1_weighted": {
    "mean": 0.9950933451827214,
    "std": 0.0002996663105803333
  }
}