accuracy,precision_macro,recall_macro,f1_macro,precision_weighted,recall_weighted,f1_weighted,fold,train_size,val_size
0.9953529411764706,0.982574953524309,0.9915375294096834,0.9865986056236143,0.9957526036006906,0.9953529411764706,0.995420606906565,1,68000,34000
0.9946176470588235,0.980492902058281,0.9893899591360187,0.9844814058665076,0.9950414193077839,0.9946176470588235,0.9946965305528709,2,68000,34000
0.9950882352941176,0.9817057226677314,0.9910209216272419,0.9858620253242455,0.9955277488324548,0.9950882352941176,0.9951628980887284,3,68000,34000
