{
  "accuracy": {
    "mean": 0.6363823529411764,
    "std": 0.0014593689682418213
  },
  "precision_macro": {
    "mean": 0.6303622265580885,
    "std": 0.0041759978182632695
  },
  "recall_macro": {
    "mean": 0.5695934766511336,
    "std": 0.0008959919615895576
  },
  "f1_macro": {
    "mean": 0.5447680693271666,
    "std": 0.001184547514015059
  },
  "precision_weighted": {
    "mean": 0.6320917041353712,
    "std": 0.0033810841926176552
  },
  "recall_weighted": {
    "mean": 0.6363823529411764,
    "std": 0.0014593689682418213
  },
  "f1_weighted": {
    "mean": 0.5854779769263033,
    "std": 0.0009091514092634525
  }
}