accuracy,precision_macro,recall_macro,f1_macro,precision_weighted,recall_weighted,f1_weighted,fold,train_size,val_size
0.6349411764705882,0.6270547657835723,0.568359283077779,0.5436353819814503,0.6293161284892409,0.6349411764705882,0.5843291402039238,1,68000,34000
0.6358235294117647,0.6277787451160906,0.5699620235223666,0.5464032879936884,0.6301075888829001,0.6358235294117647,0.5865523603527054,2,68000,34000
0.6383823529411765,0.6362531687746026,0.5704591233532552,0.544265538006361,0.6368513950339724,0.6383823529411765,0.5855524302222809,3,68000,34000
