accuracy,precision_macro,recall_macro,f1_macro,precision_weighted,recall_weighted,f1_weighted,fold,train_size,val_size
0.6386764705882353,0.6425136770250622,0.5680177209653114,0.5375228830757699,0.6414743313877216,0.6386764705882353,0.5806408640932839,1,68000,34000
0.6418235294117647,0.6483943713577411,0.5716919139978177,0.5425957280819207,0.6466052990226472,0.6418235294117647,0.5850664301161265,2,68000,34000
0.6451764705882352,0.6622978969849336,0.5729121953941759,0.5408310063230486,0.6577714507677239,0.6451764705882352,0.5844670846047265,3,68000,34000
