{
  "accuracy": {
    "mean": 0.641892156862745,
    "std": 0.0026540575596962082
  },
  "precision_macro": {
    "mean": 0.6510686484559124,
    "std": 0.00829528614549633
  },
  "recall_macro": {
    "mean": 0.570873943452435,
    "std": 0.002080188588171324
  },
  "f1_macro": {
    "mean": 0.5403165391602464,
    "std": 0.0021026881937666634
  },
  "precision_weighted": {
    "mean": 0.6486170270593642,
    "std": 0.006803641784211207
  },
  "recall_weighted": {
    "mean": 0.641892156862745,
    "std": 0.0026540575596962082
  },
  "f1_weighted": {
    "mean": 0.5833914596047123,
    "std": 0.0019602951327332414
  }
}